family_e1_index,upstream_index,matched_source_index,source_a_id,source_b_id,source_a_group,source_b_group,query_state,observation_sha256,prompt_a_sha256,prompt_b_sha256,prompt_a_x,prompt_a_y,prompt_b_x,prompt_b_y,prompt_l1_difference
6,6,1,catsim:cc72782f8c4d8c549b85c0224db6d471e2ddeb0b9db73b103df714f59b746b46:row:39083:galtileid:2204185909,catsim:cc72782f8c4d8c549b85c0224db6d471e2ddeb0b9db73b103df714f59b746b46:row:36166:galtileid:2203200148,catsim_exact_position_013055,catsim_exact_position_006828,UNIQUE_VALID,d251672f64b86b4a89b5ed90375d3f190355d0de10200031dfb2b6a7da6338bc,36ef1671a447914f2c34650e0a1133318199d1b34f998366dc8c11352c506be1,7e183084956bdc188f8350be1b484fca7265dd83ba6fad6a58b1bcc973792473,22.17427929323455,35.57475634395109,23.371375209207734,35.208207886051255,0.003513666335493326
